-2.293410147020551548e+01, -4.323948128495234045e+01
-2.291129054646219743e+01, -4.358621582003632966e+01
-2.288727559185135618e+01, -4.367166330603929936e+01
-2.284222865386863077e+01, -4.325264984679955660e+01
-2.303374150540408749e+01, -4.358614213421510186e+01
-2.298125236769831758e+01, -4.352031603165712426e+01
-2.291287599328492774e+01, -4.369994725604080088e+01
-2.300778809376465617e+01, -4.345334428498176749e+01
-2.288724572362094278e+01, -4.331519583785799199e+01
-2.278710238065767157e+01, -4.322060102952733729e+01
-2.292848908829721566e+01, -4.340224512033364590e+01
-2.300578555820118609e+01, -4.328730869365964651e+01
-2.290941757018417135e+01, -4.342022348948746924e+01
-2.287930854180844520e+01, -4.325968427332374944e+01
-2.284224128681028532e+01, -4.355687320276479824e+01
-2.293249136330296878e+01, -4.317796729417186441e+01
-2.291039940119531693e+01, -4.373368453487372420e+01
-2.293151278753397193e+01, -4.352524938416907929e+01
-2.290919410870504436e+01, -4.336797172477588447e+01
-2.294680026349281121e+01, -4.322749010201188469e+01
-2.287570181395795998e+01, -4.364065297733282733e+01
-2.300075866564054650e+01, -4.330255763816330017e+01
-2.286035910885583888e+01, -4.363413129294590220e+01
-2.297986162784269837e+01, -4.320676331642838619e+01
-2.294310128290114292e+01, -4.355626366117731862e+01
-2.290883781463325519e+01, -4.361995716237551335e+01
-2.296723077861097195e+01, -4.352304733762287015e+01
-2.283660268570409713e+01, -4.341538833767476291e+01
-2.292532186560711338e+01, -4.358348630926622747e+01
-2.292213257820608519e+01, -4.340823805964744508e+01
-2.290869589219764180e+01, -4.326346189859471991e+01
-2.296885725178419690e+01, -4.363679538983277695e+01
-2.287761846717181768e+01, -4.345018444030436200e+01
-2.287912595432685592e+01, -4.351168071805165738e+01
-2.298403165689924421e+01, -4.359107043368639722e+01
-2.296214653616544155e+01, -4.323400503816132101e+01
-2.299224759559766795e+01, -4.339456719030007292e+01
-2.300928863820143988e+01, -4.351485303714934361e+01
-2.296901279054155864e+01, -4.333253162376151124e+01
-2.287145221520868077e+01, -4.350842099934122587e+01
-2.283852096581628643e+01, -4.327714685995885446e+01
-2.283528611988480606e+01, -4.340613773579675438e+01
-2.290791569912527592e+01, -4.376742040120625887e+01
-2.294482950208858441e+01, -4.372224456142810567e+01
-2.299811799457199868e+01, -4.328405044652895839e+01
-2.296522148905818739e+01, -4.371352980465541549e+01
-2.292889555361210085e+01, -4.350674664899292310e+01
-2.293674045547994211e+01, -4.356225439892039475e+01
-2.295366771550907359e+01, -4.368251616414643479e+01
-2.293807306047655814e+01, -4.326723986359758811e+01
-2.287499039183345317e+01, -4.343168239637201111e+01
-2.301151687322397166e+01, -4.342884514875858315e+01
-2.280617906027571706e+01, -4.320261739690066349e+01
-2.292454063041990153e+01, -4.337448898612358761e+01
-2.291664530398309907e+01, -4.367545874011378970e+01
-2.293918069880770005e+01, -4.352850956696061502e+01
-2.287014174226564478e+01, -4.349917042476455720e+01
-2.287162890941389648e+01, -4.325642694461613758e+01
-2.298479533757264548e+01, -4.344356498046466442e+01
-2.292547442164087101e+01, -4.363572964243608965e+01
-2.282050333696537336e+01, -4.325213004192583810e+01
-2.287276212282521470e+01, -4.351767153715634606e+01
-2.288436083942784549e+01, -4.354868301142041531e+01
-2.301414005948857167e+01, -4.344735121174252157e+01
-2.300815714337804252e+01, -4.355785433564328457e+01
-2.291901779458567034e+01, -4.328522445641434757e+01
-2.289856163620227036e+01, -4.359819561092927387e+01
-2.295976862168589960e+01, -4.326776027647799339e+01
-2.297158551220287137e+01, -4.370754117839062758e+01
-2.288831134816535595e+01, -4.327219375963840520e+01
-2.292009828459624288e+01, -4.354648249575060248e+01
-2.302068808468493089e+01, -4.349361577284638969e+01
-2.292183895922173065e+01, -4.371245888901784582e+01
-2.286358089994925180e+01, -4.345291701733015799e+01
-2.284725923830584549e+01, -4.323740376016917253e+01
-2.284580284449871357e+01, -4.348014163031692902e+01
-2.281043492064817002e+01, -4.328261995798191464e+01
-2.291211642627970235e+01, -4.318670276082157500e+01
-2.283109407712154137e+01, -4.332613868617934116e+01
-2.304009624222191377e+01, -4.358015084927313154e+01
-2.297296608026849896e+01, -4.336029036817304672e+01
-2.292907312850962853e+01, -4.355899391905609264e+01
-2.289247243940361187e+01, -4.370866184793059261e+01
-2.287872028500569854e+01, -4.340718782626681360e+01
-2.295606262674734666e+01, -4.329226147009386949e+01
-2.290753458313110258e+01, -4.361070674759223920e+01
-2.297376113606048520e+01, -4.356930618503027119e+01
-2.290568671544108525e+01, -4.344471890450633822e+01
-2.293197591027201199e+01, -4.332549232723204113e+01
-2.287345191888076812e+01, -4.337018259822411892e+01
-2.285361510082891101e+01, -4.323140903291145776e+01
-2.295390849615272799e+01, -4.337827187004968721e+01
-2.297033112042536729e+01, -4.334178456681371472e+01
-2.289911336686065724e+01, -4.339846135023869778e+01
-2.286946669064306903e+01, -4.369887734438875526e+01
-2.294732030407186940e+01, -4.333200901097638535e+01
-2.286226703642680036e+01, -4.344366623230768454e+01
-2.287798370235801571e+01, -4.325043225978738803e+01
-2.295092714094572628e+01, -4.361177077650496869e+01
-2.296241264419443340e+01, -4.328626650407613141e+01
-2.286556683642358578e+01, -4.367112930707160245e+01
-2.295743308742507338e+01, -4.365802555109811323e+01
-2.296373380616228488e+01, -4.329551958032802617e+01
-2.286526464104584733e+01, -4.356665345250582533e+01
-2.289970330027088607e+01, -4.355520339178888634e+01
-2.283348621241816190e+01, -4.329239197748519530e+01
-2.296451729862121738e+01, -4.320024873295012924e+01
-2.295653980834055474e+01, -4.339677680713932517e+01
-2.280672162006634807e+01, -4.330711502435089244e+01
-2.287824630930355596e+01, -4.330268616341938070e+01
-2.298647734387122910e+01, -4.355732407476539692e+01
-2.287650511853977164e+01, -4.349317934784557593e+01
-2.294586704727135640e+01, -4.362701163258179093e+01
-2.281068854693254266e+01, -4.333486705221743307e+01
-2.293616018552777192e+01, -4.340550414001716462e+01
-2.288958667242863143e+01, -4.358568468302288323e+01
-2.293468645901508651e+01, -4.375272045458620340e+01
-2.287293755227230108e+01, -4.356991367418982009e+01
-2.284468164310881022e+01, -4.352313321640736632e+01
-2.288362277333138550e+01, -4.374838500738290037e+01
-2.286156506234035746e+01, -4.328691915295251391e+01
-2.296835265991431285e+01, -4.348004743615655343e+01
-2.289439133426847306e+01, -4.321394251406950104e+01
-2.289708834320669695e+01, -4.353670195443071833e+01
-2.291637202004114116e+01, -4.326671948615438623e+01
-2.295806445219288250e+01, -4.345828338829431203e+01
-2.288168599691196547e+01, -4.322593309243120530e+01
-2.294574644818991516e+01, -4.327049763886007128e+01
-2.281490188278267084e+01, -4.316287320591397503e+01
-2.281811945061129876e+01, -4.328587722685922046e+01
-2.285963761485189849e+01, -4.342516456258405100e+01
-2.282315440240815718e+01, -4.327063235304568423e+01
-2.294701676419304093e+01, -4.358401740203117214e+01
-2.291748309500190217e+01, -4.352798035456354597e+01
-2.298435015457386754e+01, -4.333904882348395660e+01
-2.299356185063321689e+01, -4.340382014630633734e+01
-2.294976993519668795e+01, -4.365476409813850722e+01
-2.286115552007191454e+01, -4.348666034966201011e+01
-2.299820031421104005e+01, -4.364058982433875400e+01
-2.297668185787602724e+01, -4.333579018828015705e+01
-2.284691253032815794e+01, -4.343714830423427031e+01
-2.292253543252024173e+01, -4.351273801391830887e+01
-2.290247235031895556e+01, -4.362594658387757107e+01
-2.295496584029356057e+01, -4.369176676177789886e+01
-2.299114860640522906e+01, -4.343757197756658428e+01
-2.301972771858355671e+01, -4.358887204681627736e+01
-2.287830544889466822e+01, -4.365915243168520021e+01
-2.294797194953098796e+01, -4.348877164470729184e+01
-2.291979401963848417e+01, -4.318995961393147809e+01
-2.285610242786678370e+01, -4.350190177066328090e+01
-2.284860863933221253e+01, -4.355088327465661990e+01
-2.281149152996452401e+01, -4.323962199487150571e+01
-2.287476985774248561e+01, -4.337943395077879671e+01
-2.284355403230114234e+01, -4.326190132859304782e+01
-2.287668845306243171e+01, -4.354542292521200153e+01
-2.288988693310628619e+01, -4.333369948429363205e+01
-2.300757783527141243e+01, -4.340108581076329841e+01
-2.293412775499622924e+01, -4.354375196876397069e+01
-2.286205011226298467e+01, -4.339141934340536721e+01
-2.286527345223699825e+01, -4.326242148317352587e+01
-2.298753263860365692e+01, -4.321002071542130096e+01
-2.283396898991038526e+01, -4.339688710248989167e+01
-2.302573183575222870e+01, -4.347837021717542427e+01
-2.298566781236432988e+01, -4.334830195730007318e+01
-2.288301219603896897e+01, -4.323518527188377192e+01
-2.298237359313198880e+01, -4.347731507106654192e+01
-2.294784250747621712e+01, -4.318448110878164670e+01
-2.286686735378865976e+01, -4.368037869872092216e+01
-2.289888254514955790e+01, -4.334620953053985914e+01
-2.301392798637342807e+01, -4.339509195642639128e+01
-2.279450028162698416e+01, -4.317160762794732420e+01
-2.292417243720222686e+01, -4.362647909013190173e+01
-2.292879810083064385e+01, -4.320246953050017424e+01
-2.285984357938121647e+01, -4.347740979570905040e+01
-2.303992842802247054e+01, -4.352789540351971453e+01
-2.285216728895847282e+01, -4.347415049393096353e+01
-2.293939579272304385e+01, -4.327649267539263889e+01
-2.297975270177692764e+01, -4.345881028005261726e+01
-2.290020140213997024e+01, -4.335546137956409041e+01
-2.283480943963823151e+01, -4.330164314272619919e+01
-2.305150025979702733e+01, -4.355891496558461284e+01
-2.291299079105332481e+01, -4.375218368386138224e+01
-2.301206855633953907e+01, -4.358561089699333024e+01
-2.286095260803891094e+01, -4.343441541389828586e+01
-2.302868809229262936e+01, -4.360138555332503074e+01
-2.282932772735804505e+01, -4.351661399110475514e+01
-2.300100142028342631e+01, -4.335481963022024132e+01
-2.285017246780288147e+01, -4.330815836922074169e+01
-2.297358807254611435e+01, -4.351705570786125321e+01
-2.293001283486511355e+01, -4.346374871272747242e+01
-2.296946297298200790e+01, -4.343704579413100930e+01
-2.286770674682710336e+01, -4.353291257538420211e+01
-2.297489550728454333e+01, -4.352630768393471783e+01
-2.291686775429809941e+01, -4.337123032022528690e+01
-2.289648006902468680e+01, -4.337995810790994256e+01
-2.286639763192084374e+01, -4.352366220438552347e+01
-2.296289346075022664e+01, -4.339078337169057420e+01
-2.292244863155573142e+01, -4.320846538096588318e+01
-2.295885680780845206e+01, -4.371951827481196062e+01
-2.290083342957381518e+01, -4.351220934800890205e+01
-2.295468186736382066e+01, -4.358727820239499806e+01
-2.291935984644069890e+01, -4.374619617269116389e+01
-2.294492152171804022e+01, -4.336576059818436590e+01
-2.292980410894676879e+01, -4.341149710324310007e+01
-2.300339706845291587e+01, -4.332106472561822130e+01
-2.299152883494981481e+01, -4.354208070696228106e+01
-2.294812515569055478e+01, -4.323674322483486776e+01
-2.289464582585507202e+01, -4.357044426501072820e+01
-2.291291319668051685e+01, -4.334347420298580289e+01
-2.300494897170408848e+01, -4.338257942871611306e+01
-2.298063413915555842e+01, -4.336354921841268606e+01
-2.289069129445703155e+01, -4.323844245181943791e+01
-2.299134729299647262e+01, -4.348982750766386829e+01
-2.300701406738101440e+01, -4.360085380589323023e+01
-2.291486564003971438e+01, -4.350947806223273773e+01
-2.297559877309845788e+01, -4.337879605332228294e+01
-2.294742087436162592e+01, -4.374074488278563422e+01
-2.281969268801490003e+01, -4.334737554210506971e+01
-2.300122701915949719e+01, -4.340707951565934763e+01
-2.291687362203498424e+01, -4.377993203517733889e+01
-2.293514690342330553e+01, -4.319647353489683894e+01
-2.295825716491744828e+01, -4.351053526891627143e+01
-2.281837184001847163e+01, -4.333812482561233992e+01
-2.292140502971819416e+01, -4.355573350845997282e+01
-2.290606651760641199e+01, -4.354921289514788896e+01
-2.297750867420344179e+01, -4.354481152248256137e+01
-2.285253055019567370e+01, -4.357863298217038306e+01
-2.289095753663867328e+01, -4.329069785872849963e+01
-2.290206989785826153e+01, -4.321719954431829791e+01
-2.291242907527525929e+01, -4.354322224594024249e+01
-2.290339622635369921e+01, -4.322645206027705456e+01
-2.295432942480510263e+01, -4.348277967385996590e+01
-2.287032328051559915e+01, -4.355141320278881523e+01
-2.303894694718008296e+01, -4.362315156251160175e+01
-2.285917449240021782e+01, -4.332066751563008467e+01
-2.302722190268822899e+01, -4.353987943376989023e+01
-2.297275707079875673e+01, -4.366454866294391479e+01
-2.299177061467635852e+01, -4.329004578263852920e+01
-2.291879097300257584e+01, -4.353723144429108771e+01
-2.278045259622721019e+01, -4.317434659042388745e+01
-2.287323721376730390e+01, -4.367439047306555722e+01
-2.298891589009874536e+01, -4.352357642497675982e+01
-2.294292316907692353e+01, -4.350401510829292562e+01
-2.292401682028812715e+01, -4.357423541569983882e+01
-2.284273696317261582e+01, -4.335714957163912686e+01
-2.299413950820330044e+01, -4.356058483482971866e+01
-2.298106343114397276e+01, -4.346806269289506020e+01
-2.291404507455954231e+01, -4.365695839093025654e+01
-2.292662634419625434e+01, -4.359273716215417238e+01
-2.294777185416995380e+01, -4.343651964649652797e+01
-2.280911012949099970e+01, -4.327336905643164044e+01
-2.301807057901365638e+01, -4.347511005304954068e+01
-2.296573155030463198e+01, -4.346154308660985777e+01
-2.287583700117465568e+01, -4.369288938871267192e+01
-2.293725028293791723e+01, -4.336250191057676773e+01
-2.295451420586018898e+01, -4.353503014091320011e+01
-2.298908642505591260e+01, -4.357582786230945260e+01
-2.299859861615783174e+01, -4.338857338409218301e+01
-2.294535107897129933e+01, -4.347026799262346941e+01
-2.296744003611478746e+01, -4.327101816834539960e+01
-2.287538024181728602e+01, -4.353617250057377674e+01
-2.293543438864276851e+01, -4.355300320338805165e+01
-2.287081434689907056e+01, -4.335167980492017392e+01
-2.291107368921413112e+01, -4.322970925945939058e+01
-2.294468106400443119e+01, -4.331350367093875064e+01
-2.287407146504981270e+01, -4.352692203772785007e+01
-2.298648339695120058e+01, -4.325303158621430555e+01
-2.291634862829964092e+01, -4.357097489190585549e+01
-2.296479441836264002e+01, -4.325251165011820831e+01
-2.300325896833665595e+01, -4.362534801298681941e+01
-2.289756312297177487e+01, -4.333695765320376125e+01
-2.301937961596071958e+01, -4.348436293071036829e+01
-2.296529725057472859e+01, -4.335703158846361305e+01
-2.283957620622090090e+01, -4.323414681340325671e+01
-2.285494150419881265e+01, -4.324066077820923226e+01
-2.296392484189744465e+01, -4.370427921156032625e+01
-2.296234619774747543e+01, -4.359053907185399623e+01
-2.292933532905624361e+01, -4.330698737022103018e+01
-2.294177586055425522e+01, -4.324273876936961614e+01
-2.301786771481684468e+01, -4.342285167188310879e+01
-2.299429777105184058e+01, -4.361283495008849798e+01
-2.295367234489883046e+01, -4.332601470685479939e+01
-2.291794456833835625e+01, -4.368470884674544408e+01
-2.303600846857564122e+01, -4.350013654159653242e+01
-2.296179563324738737e+01, -4.343378630602408919e+01
-2.292607525411304081e+01, -4.343599353465958046e+01
-2.293568777706733997e+01, -4.330099287096851413e+01
-2.300065624972030065e+01, -4.360684445491359895e+01
-2.285366667300501575e+01, -4.353564308271666050e+01
-2.288922989094471205e+01, -4.348119674007445212e+01
-2.300536460687624185e+01, -4.348709528289969484e+01
-2.279982083026465389e+01, -4.320861208636218720e+01
-2.300471541909428552e+01, -4.333031822907184250e+01
-2.284842638011311777e+01, -4.349864226073351148e+01
-2.289995654454339657e+01, -4.330320772702306442e+01
-2.300440861984903407e+01, -4.358234981628860538e+01
-2.295817046823457375e+01, -4.320624495292853595e+01
-2.287799609872035944e+01, -4.355467331116055618e+01
-2.279877256346651393e+01, -4.325161027244405432e+01
-2.299547505578916784e+01, -4.326554315457629230e+01
-2.302478042804187197e+01, -4.357362856762142655e+01
-2.304154625320192551e+01, -4.364165602202984218e+01
-2.296068623794018748e+01, -4.347678755184546873e+01
-2.291027848296004521e+01, -4.368144735881471519e+01
-2.295563923849591603e+01, -4.349203157495678340e+01
-2.307316356847915628e+01, -4.355944533465521573e+01
-2.288987514851197247e+01, -4.369016266944312576e+01
-2.294946144983983416e+01, -4.355027277069886082e+01
-2.302103004533161013e+01, -4.359812424371817485e+01
-2.284337151459149950e+01, -4.351388312129874691e+01
-2.291224592023074180e+01, -4.349097562261529504e+01
-2.288206968324592694e+01, -4.363466403990012310e+01
-2.300909860537518625e+01, -4.346259713905580924e+01
-2.287946333231738549e+01, -4.361616414487406956e+01
-2.296330575567521493e+01, -4.349529157490281506e+01
-2.291742472259409880e+01, -4.322371381903695919e+01
-2.292041078591178760e+01, -4.365096934851037247e+01
-2.300231783814406938e+01, -4.336407292579880135e+01
-2.293656414205170435e+01, -4.351000664759872194e+01
-2.288679892342997491e+01, -4.351494050631792732e+01
-2.295630978149578283e+01, -4.334452018322178901e+01
-2.290576631973329569e+01, -4.319269867693077458e+01
-2.289754286929754556e+01, -4.369342412990369695e+01
-2.297428271009360046e+01, -4.336954322551516583e+01
-2.293484493541055613e+01, -4.339625203159143751e+01
-2.288076679078070086e+01, -4.362541411381523915e+01
-2.293329535226037663e+01, -4.333474476512655826e+01
-2.284537495899483162e+01, -4.337565148873837018e+01
-2.284485600599325394e+01, -4.357537278587972196e+01
-2.295281407876345625e+01, -4.342127465514467843e+01
-2.295236902302278281e+01, -4.367326552067472534e+01
-2.292775107422491487e+01, -4.324547665758168336e+01
-2.294846953998307271e+01, -4.364551332003794215e+01
-2.301190181846384419e+01, -4.353335802188924930e+01
-2.299508217045025305e+01, -4.346532997964943945e+01
-2.278681099926941656e+01, -4.316835159944657363e+01
-2.292313595524612779e+01, -4.372170880896168654e+01
-2.302347673580515774e+01, -4.356437615805538854e+01
-2.301956224753258340e+01, -4.353661869311492438e+01
-2.296199628034199947e+01, -4.348603958117701751e+01
-2.285459016767893914e+01, -4.344040723327115927e+01
-2.288460225487991551e+01, -4.329669208464513730e+01
-2.279346193696747491e+01, -4.321460663061305496e+01
-2.290127789216663956e+01, -4.331245980877248769e+01
-2.292702353963326090e+01, -4.374945827960707589e+01
-2.292537021515148510e+01, -4.327922973888629343e+01
-2.287063516218958625e+01, -4.365589137579642909e+01
-2.283027489349496975e+01, -4.316938551416354386e+01
-2.291051149929818465e+01, -4.337722361052551889e+01
-2.301825628113536837e+01, -4.352736612766172186e+01
-2.290895354991861765e+01, -4.331571783221183125e+01
-2.289117407721041531e+01, -4.369941228204226746e+01
-2.286468337954277175e+01, -4.340992145718002604e+01
-2.295544039895825605e+01, -4.343977908810781230e+01
-2.291806421007779804e+01, -4.373694648573562915e+01
-2.292572824551422883e+01, -4.374020850473807087e+01
-2.293716676146891587e+01, -4.371898260235997213e+01
-2.289258495248421355e+01, -4.376089613746767526e+01
-2.286599916606187222e+01, -4.341917246686509912e+01
-2.289165373940817361e+01, -4.344745173602857591e+01
-2.294045120005205618e+01, -4.323348576638709062e+01
-2.287188970018263134e+01, -4.330868009492547088e+01
-2.292453671868389975e+01, -4.378319442418806062e+01
-2.298961738371554375e+01, -4.337606118624626816e+01
-2.297015775936653981e+01, -4.364604652497363446e+01
-2.278814231128858481e+01, -4.317760264567469619e+01
-2.294030388901382977e+01, -4.348551178417322660e+01
-2.294440701039575714e+01, -4.356551494803401425e+01
-2.287048775311055593e+01, -4.360365354869292531e+01
-2.298533454984961466e+01, -4.360032209461255803e+01
-2.297470837693940027e+01, -4.347405514002077354e+01
-2.299313997706657275e+01, -4.365583117046571004e+01
-2.293444131081872683e+01, -4.364824139824082749e+01
-2.291557991229785785e+01, -4.377068263500302692e+01
-2.293899339900931622e+01, -4.347626006850854452e+01
-2.286632483289184492e+01, -4.321941914134589524e+01
-2.301676097390901532e+01, -4.346585714034632986e+01
-2.300424061571385437e+01, -4.353009742011172278e+01
-2.289333942354371487e+01, -4.356119373573812936e+01
-2.298610686362212974e+01, -4.345281755462322337e+01
-2.280564695748870108e+01, -4.335011037304091275e+01
-2.292961242553036172e+01, -4.376795768089790784e+01
-2.292496545425757049e+01, -4.347899227232685604e+01
-2.280484953604554121e+01, -4.319336619415184941e+01
-2.286897799934447306e+01, -4.323792308831072262e+01
-2.285809597674297677e+01, -4.336366594396476870e+01
-2.293964849197205780e+01, -4.332875063374361702e+01
-2.284645663372038271e+01, -4.333265434575307751e+01
-2.297931727889604403e+01, -4.335429623694829360e+01
-2.281992498949746917e+01, -4.339962079145417562e+01
-2.280828717420794050e+01, -4.336861128257827147e+01
-2.290842113402967328e+01, -4.321120401074423256e+01
-2.284620309803955607e+01, -4.328040421995897447e+01
-2.299968443512481286e+01, -4.334556630587182013e+01
-2.293975881818511553e+01, -4.373748274738527897e+01
-2.287309591519301222e+01, -4.362215334838382574e+01
-2.304905508839999939e+01, -4.359266473596544955e+01
-2.282101297243067251e+01, -4.335662623023227980e+01
-2.301545080071216987e+01, -4.345660419308318012e+01
-2.286620693213296818e+01, -4.347141848528583807e+01
-2.299054044089122684e+01, -4.363732831786289523e+01
-2.287700391443667058e+01, -4.364990272657451698e+01
-2.304400186145739937e+01, -4.360790837958624877e+01
-2.286657126738856860e+01, -4.357590353744848954e+01
-2.301467332262401655e+01, -4.360411506802900306e+01
-2.297405587452223230e+01, -4.367379966480931586e+01
-2.298251203460074521e+01, -4.322527069086489604e+01
-2.293172197053915440e+01, -4.327323487457207563e+01
-2.292870087418624081e+01, -4.345449702050246543e+01
-2.303113537066701610e+01, -4.356763717315317308e+01
-2.290475909473407867e+01, -4.353996206549400227e+01
-2.296087282295770038e+01, -4.352903881534859920e+01
-2.288484959481732872e+01, -4.334894473118588110e+01
-2.284801069790592720e+01, -4.339415328647243797e+01
-2.299487553830982733e+01, -4.341307307098887946e+01
-2.294716857732014503e+01, -4.363626249802501889e+01
-2.293878898708886638e+01, -4.342400826216874066e+01
-2.289360146598970047e+01, -4.330920185614814244e+01
-2.295989320745825779e+01, -4.362428298001522364e+01
-2.287519385256597459e+01, -4.348392860854931286e+01
-2.288791816901425946e+01, -4.347194574449429183e+01
-2.296319057870654134e+01, -4.319099520990658903e+01
-2.293593253866065496e+01, -4.335324955728134455e+01
-2.288548912615069142e+01, -4.350568974719675452e+01
-2.298830142700212420e+01, -4.336680813916376565e+01
-2.299022264644167279e+01, -4.353282858499316887e+01
-2.287930317872612918e+01, -4.356392365793751509e+01
-2.297404416996910115e+01, -4.331728402850978199e+01
-2.299093277326959850e+01, -4.338531420345254475e+01
-2.282539362334574307e+01, -4.348886414880745832e+01
-2.289072492101502476e+01, -4.354269255913541059e+01
-2.293856746117705470e+01, -4.337175423470768720e+01
-2.298157883178810224e+01, -4.362481547840167906e+01
-2.285864310102354224e+01, -4.321616227288082968e+01
-2.287585267582590021e+01, -4.333643494959477493e+01
-2.292065491554486201e+01, -4.375544581049588544e+01
-2.297781927272563252e+01, -4.364930800476921746e+01
-2.288112873757270194e+01, -4.337344103103193760e+01
-2.290259867470257049e+01, -4.332171186396906393e+01
-2.284381366660414159e+01, -4.331415195574722787e+01
-2.292515221051365515e+01, -4.353124049032562937e+01
-2.303504371940592677e+01, -4.359539455374109451e+01
-2.286787732822325481e+01, -4.358515358211519697e+01
-2.301345235096871278e+01, -4.329056701178674160e+01
-2.281572845355460188e+01, -4.331962330945897577e+01
-2.293700858119530039e+01, -4.331024548516147377e+01
-2.294832079036718397e+01, -4.359326856820746343e+01
-2.287692395820329949e+01, -4.329343436981226745e+01
-2.280936680122842475e+01, -4.332561640333199193e+01
-2.301433497192872935e+01, -4.349960820663594774e+01
-2.288828106303952836e+01, -4.357643432509990333e+01
-2.295418930839412397e+01, -4.317848467852196848e+01
-2.298145869951957465e+01, -4.326828072479920451e+01
-2.291423194810337449e+01, -4.335272627087930175e+01
-2.297897520467387267e+01, -4.360631254682359526e+01
-2.289884145682063021e+01, -4.370267383127512772e+01
-2.298301425749878746e+01, -4.368631245850260569e+01
-2.301597485286773903e+01, -4.361336709114082311e+01
-2.293834113810527242e+01, -4.367599292808254319e+01
-2.288803899825278521e+01, -4.321993787599762982e+01
-2.296157785799457329e+01, -4.338153079334936280e+01
-2.301524179701020145e+01, -4.340434522642605941e+01
-2.298663687478770257e+01, -4.360957371397544335e+01
-2.290588516171228761e+01, -4.349696707083818836e+01
-2.287104404094739962e+01, -4.340392908594996157e+01
-2.293832881951945879e+01, -4.331949807291398002e+01
-2.285626734374656976e+01, -4.324991250070041104e+01
-2.285941458644026980e+01, -4.337291710697250835e+01
-2.294203956004068345e+01, -4.329499822445752244e+01
-2.287056757926591644e+01, -4.329942842335252351e+01
-2.298698490319611665e+01, -4.335755506268752413e+01
-2.292669248530666692e+01, -4.328848230813035514e+01
-2.299396410187327078e+01, -4.350833227127487390e+01
-2.289808752459288854e+01, -4.318944186885158132e+01
-2.284909734459305497e+01, -4.335115662535601189e+01
-2.293787270378911103e+01, -4.351925812594662091e+01
-2.290498881583736690e+01, -4.328796122092795429e+01
-2.283877573891031787e+01, -4.332939648061892512e+01
-2.290025071244315669e+01, -4.376415823535479888e+01
-2.296048252712028770e+01, -4.342453397942067994e+01
-2.288857565337127298e+01, -4.368091301061489418e+01
-2.297187641429729510e+01, -4.340329510192005102e+01
-2.300974470734010069e+01, -4.331506973071962818e+01
-2.293429308499825581e+01, -4.359599793680439461e+01
-2.296769389410585660e+01, -4.332327865310431037e+01
-2.291971739405493480e+01, -4.344198594574121586e+01
-2.305410662706819025e+01, -4.357742063378641006e+01
-2.283438357288950016e+01, -4.350137352607818286e+01
-2.302852696071203908e+01, -4.354913205262658948e+01
-2.302608355157800446e+01, -4.358288093700990373e+01
-2.288843689508311741e+01, -4.362867494808474333e+01
-2.297732767552705369e+01, -4.349255960499941409e+01
-2.290897887753541440e+01, -4.367219734129334086e+01
-2.291027399752062621e+01, -4.332496998316967307e+01
-2.294928153464963927e+01, -4.349802341737053268e+01
-2.287388202129286086e+01, -4.347467783376702499e+01
-2.281200972929471504e+01, -4.334411767339001642e+01
-2.282233269319803881e+01, -4.336587688951182429e+01
-2.305280372805461653e+01, -4.356816781963376428e+01
-2.294223585909661622e+01, -4.370374404843988714e+01
-2.289054104730248795e+01, -4.349044770030933194e+01
-2.293263505717809636e+01, -4.348225199337345970e+01
-2.280380533519871733e+01, -4.323636520997325761e+01
-2.298778216842572775e+01, -4.356657598844012824e+01
-2.289725693224878356e+01, -4.358894520308827225e+01
-2.295870392226944290e+01, -4.331076735295918922e+01
-2.297319054655653048e+01, -4.341254771265845847e+01
-2.292614302494872547e+01, -4.318396352642081126e+01
-2.296924644909374180e+01, -4.338478978704300459e+01
-2.281756354325651515e+01, -4.318137614342390407e+01
-2.298852339299472902e+01, -4.341906647662635521e+01
-2.291860601783725571e+01, -4.348498402306974242e+01
-2.297794887696708699e+01, -4.370155239614241793e+01
-2.295119527314434293e+01, -4.371625626759008298e+01
-2.289932709872701366e+01, -4.345071099151682148e+01
-2.294105399511904508e+01, -4.374673274708841575e+01
-2.302965622470084739e+01, -4.350612902095713963e+01
-2.292645974977639867e+01, -4.354049167183533342e+01
-2.292156676774485646e+01, -4.360797785725252851e+01
-2.293197583839115694e+01, -4.368198174332402317e+01
-2.284822706693957528e+01, -4.344639890243228564e+01
-2.298872821340517447e+01, -4.347132260082702970e+01
-2.304123394361957367e+01, -4.353714828254506841e+01
-2.294340617834541618e+01, -4.366075335804983837e+01
-2.292112160808808241e+01, -4.319921250777377253e+01
-2.289384451004505650e+01, -4.336145474529894983e+01
-2.280696734753538379e+01, -4.335936084230401377e+01
-2.287815930791994035e+01, -4.360691413355846180e+01
-2.293282055460505831e+01, -4.353450069553026935e+01
-2.299441082285250104e+01, -4.330855273043094655e+01
-2.283901345795899829e+01, -4.338164403795958890e+01
-2.292694154819655949e+01, -4.334073874852727215e+01
-2.286577433185894392e+01, -4.336692423586212897e+01
-2.292324335172837024e+01, -4.377394493672603915e+01
-2.288232656063648207e+01, -4.373913585794273473e+01
-2.296609733181769997e+01, -4.356604545020048391e+01
-2.285305417926188554e+01, -4.337890982931605066e+01
-2.292171141015581171e+01, -4.366021967966327821e+01
-2.291598357701602851e+01, -4.346648118397103389e+01
-2.294470577969924108e+01, -4.367000395754786979e+01
-2.295712713899698443e+01, -4.355353327566736255e+01
-2.296981851889433202e+01, -4.323726261322740783e+01
-2.294353296440122492e+01, -4.371299432864687162e+01
-2.292560988083252838e+01, -4.368797040314739633e+01
-2.302330331720444079e+01, -4.351212134861426506e+01
-2.295843275472164535e+01, -4.356278478460247072e+01
-2.295341906678032728e+01, -4.327375548521110460e+01
-2.286803084694878763e+01, -4.363739210075956265e+01
-2.285785283143701463e+01, -4.331141608872325577e+01
-2.300626368727011339e+01, -4.339183263508974875e+01
-2.292103025830801499e+01, -4.345123757855141378e+01
-2.278947306113784421e+01, -4.318685367238770567e+01
-2.299770170833317096e+01, -4.348383514252483195e+01
-2.297245619961685748e+01, -4.356005449351179237e+01
-2.296793061628249077e+01, -4.337553708386927553e+01
-2.289316166303728650e+01, -4.350894951281477319e+01
-2.283456529599618889e+01, -4.355361325801779060e+01
-2.290391100463948604e+01, -4.368743582211960330e+01
-2.285700593434668804e+01, -4.340666276316972727e+01
-2.288610276565835733e+01, -4.371464970861759269e+01
-2.299283445555852623e+01, -4.355133279040187233e+01
-2.291266470911407183e+01, -4.329121902703036540e+01
-2.281596989565198541e+01, -4.337186936580867780e+01
-2.300293397019241937e+01, -4.352084503847822816e+01
-2.299618865856130157e+01, -4.342232596386519106e+01
-2.294096759848557454e+01, -4.333800316716796885e+01
-2.297028863904367313e+01, -4.369829044961802822e+01
-2.290457468080708381e+01, -4.348771592538285802e+01
-2.291991638900359973e+01, -4.349423538954140867e+01
-2.297164888369008295e+01, -4.335103748177840544e+01
-2.301059551243796975e+01, -4.352410554831686085e+01
-2.299333500194315505e+01, -4.335156075846531820e+01
-2.293727465965788426e+01, -4.377122003107428583e+01
-2.284513543215877363e+01, -4.332340316430939708e+01
-2.302442256936345544e+01, -4.346911721151191443e+01
-2.291417389805931393e+01, -4.370919713478188839e+01
-2.294612547209616693e+01, -4.373149474630162814e+01
-2.290261162493063196e+01, -4.367818593937410299e+01
-2.287973243586142758e+01, -4.372063741321147745e+01
-2.289427933640885371e+01, -4.346595408604902389e+01
-2.296716904077267074e+01, -4.321875571643345637e+01
-2.287367550652211534e+01, -4.342243132501895531e+01
-2.296755617637542812e+01, -4.362754421123087667e+01
-2.290631095900911518e+01, -4.329721345060855953e+01
-2.296495232233263906e+01, -4.360904172557211922e+01
-2.299265598130675770e+01, -4.349907990761378329e+01
-2.288740033619941627e+01, -4.372389909132123620e+01
-2.290810267138438050e+01, -4.341097185215094356e+01
-2.298041790147965813e+01, -4.366781032179217448e+01
-2.287630471207214455e+01, -4.344093343496120951e+01
-2.290737182309485576e+01, -4.325420947380786885e+01
-2.286489419854001426e+01, -4.346216776848355323e+01
-2.295551692732687243e+01, -4.318773812353903452e+01
-2.291467150749251758e+01, -4.345722971230834020e+01
-2.294210600958370350e+01, -4.365150271384642622e+01
-2.299184049314380829e+01, -4.364657976615127666e+01
-2.293314023395228318e+01, -4.363899079954603621e+01
-2.294839067770408292e+01, -4.328900343081387092e+01
-2.286901529638037189e+01, -4.354216290834596492e+01
-2.291477170419690168e+01, -4.320520833185404541e+01
-2.285721800318589914e+01, -4.345890858285115854e+01
-2.281281824023196947e+01, -4.324887308869666924e+01
-2.290415458131406012e+01, -4.338321675194251981e+01
-2.291924326570514481e+01, -4.369395890742790556e+01
-2.284487884704767424e+01, -4.327115278647359986e+01
-2.287843452390632848e+01, -4.371138811888378228e+01
-2.292950324710249888e+01, -4.371572071155021177e+01
-2.299805125771124281e+01, -4.358834072921997205e+01
-2.290910285569178839e+01, -4.372443488739197193e+01
-2.293935088846812320e+01, -4.358075667078139759e+01
-2.298418018676122898e+01, -4.364331823862475801e+01
-2.301477229893844267e+01, -4.329982081295784013e+01
-2.297114240877218450e+01, -4.324651602790928706e+01
-2.294815492759241593e+01, -4.354102131419141841e+01
-2.299991310138960543e+01, -4.339782646538169786e+01
-2.294623836380218762e+01, -4.337501301716288538e+01
-2.286134136961628727e+01, -4.353890296084121303e+01
-2.304514707685244090e+01, -4.356490668802057797e+01
-2.297954356052463964e+01, -4.340655435470877421e+01
-2.297228007037481490e+01, -4.350780369456445129e+01
-2.305019622235942833e+01, -4.354966207212122953e+01
-2.289128964841972902e+01, -4.375164694959465095e+01
-2.295222946522234153e+01, -4.362102181766204012e+01
-2.280645885813986951e+01, -4.325486718028945887e+01
-2.297056171512085498e+01, -4.339404245988743014e+01
-2.299573007653180312e+01, -4.331780616503306192e+01
-2.291373615933921215e+01, -4.355247316715092865e+01
-2.286972746081735863e+01, -4.339467791919842909e+01
-2.291182832433216987e+01, -4.338647546634577878e+01
-2.283373612633302585e+01, -4.334464058428891775e+01
-2.289871008614268177e+01, -4.365043601942092266e+01
-2.286841031588125617e+01, -4.338542672161179325e+01
-2.287533233051835779e+01, -4.323192816324425536e+01
-2.292717350161509060e+01, -4.339299310618905281e+01
-2.292344736952635387e+01, -4.341748991684149672e+01
-2.289492258332419894e+01, -4.331845381552556518e+01
-2.295259199035828601e+01, -4.336901935628149829e+01
-2.287960641726838418e+01, -4.366840209218305802e+01
-2.286816730521620045e+01, -4.368962804465387251e+01
-2.281016425676594039e+01, -4.323037087829701619e+01
-2.292758608689152666e+01, -4.349749522614227715e+01
-2.299750121132141700e+01, -4.343157882445284201e+01
-2.297506550485214305e+01, -4.357855783660287585e+01
-2.288043552400914038e+01, -4.352093134799735452e+01
-2.292738834724691444e+01, -4.344524529431907212e+01
-2.287427756254965416e+01, -4.327493070640301909e+01
-2.290413219608077355e+01, -4.379190575945141717e+01
-2.300946151608451373e+01, -4.356710656275650706e+01
-2.293037896785071439e+01, -4.356824498380294841e+01
-2.285853107373054272e+01, -4.346815920661142485e+01
-2.290154510734737059e+01, -4.377340746077868516e+01
-2.302461008086985572e+01, -4.352137408128133700e+01
-2.299919090540203825e+01, -4.354534135338451506e+01
-2.289624313567410141e+01, -4.332770574803824104e+01
-2.298303192989188659e+01, -4.332979566172169683e+01
-2.290763253705884495e+01, -4.330646565453065477e+01
-2.301581732663160551e+01, -4.356111521221244942e+01
-2.289821348966552961e+01, -4.349370735073706840e+01
-2.289836962553631139e+01, -4.324169970303252342e+01
-2.281944334518981776e+01, -4.329512819970405957e+01
-2.284009671097817318e+01, -4.333864753903223033e+01
-2.295039658259755910e+01, -4.345502375988861132e+01
-2.292642631137565346e+01, -4.323622387181573146e+01
-2.290437317696367359e+01, -4.343546745861659986e+01
-2.289494399448328821e+01, -4.367492458844265002e+01
-2.290780574322181451e+01, -4.371518519189393004e+01
-2.284858541094690310e+01, -4.324665538552975619e+01
-2.297911887116302765e+01, -4.365855918557875981e+01
-2.303634536441158431e+01, -4.360464693195404351e+01
-2.288963472475821703e+01, -4.328144582165106158e+01
-2.285741301094893174e+01, -4.351115212404305765e+01
-2.292562233653458392e+01, -4.333148643376720344e+01
-2.281333034824712414e+01, -4.335336826636749663e+01
-2.301129866196444240e+01, -4.337658532429746572e+01
-2.285590436781328805e+01, -4.344965792491036893e+01
-2.289364370731826526e+01, -4.366567474931655823e+01
-2.292140001238204405e+01, -4.325147188414914723e+01
-2.302086764548625553e+01, -4.354587122031983171e+01
-2.292190549589594184e+01, -4.335598474690545601e+01
-2.290273381909947048e+01, -4.373042265217135594e+01
-2.295956527751778253e+01, -4.351978706081447257e+01
-2.300180089901844127e+01, -4.356384566416637938e+01
-2.288639576019372512e+01, -4.341044663679780058e+01
-2.280114956121996883e+01, -4.321786314934110607e+01
-2.293039890387515811e+01, -4.326398215944236370e+01
-2.293381941595595919e+01, -4.318722042454715648e+01
-2.294048812704246032e+01, -4.353776097015848734e+01
-2.294195905344590258e+01, -4.359925878049022430e+01
-2.291555013399828766e+01, -4.336197831011990189e+01
-2.295207279302385572e+01, -4.356877556637797255e+01
-2.283321924659961510e+01, -4.324014136885644177e+01
-2.291157752156420102e+01, -4.369069733055779636e+01
-2.287453224853049960e+01, -4.332718335852895564e+01
-2.293145091610032438e+01, -4.322097545129754081e+01
-2.289447112228343073e+01, -4.351820036412114945e+01
-2.287893165706625709e+01, -4.345943541191933690e+01
-2.289275489453974188e+01, -4.340445406824778019e+01
-2.293090601718444077e+01, -4.377720730635628854e+01
-2.288973944755114331e+01, -4.363792496413812927e+01
-2.289143875748691670e+01, -4.339520258762453153e+01
-2.303208339150627282e+01, -4.347237735253370516e+01
-2.290362148999711422e+01, -4.358295525260653136e+01
-2.281860718860696835e+01, -4.339037034668400139e+01
-2.293768234244348392e+01, -4.346700831775029883e+01
-2.304889161580599577e+01, -4.354040913972605864e+01
-2.290662107962861427e+01, -4.375817103812413222e+01
-2.298542256811844453e+01, -4.329604097169874422e+01
-2.281728882396940250e+01, -4.338111987130815095e+01
-2.302311273471378428e+01, -4.345986417111769384e+01
-2.298720993527325618e+01, -4.340981367773800059e+01
-2.296422304124387281e+01, -4.314798396626705568e+01
-2.291050323672681444e+01, -4.378591897612731998e+01
-2.293053637894351482e+01, -4.362048947192690918e+01
-2.288941682092731611e+01, -4.353344191276934083e+01
-2.287076551000618707e+01, -4.370812659744378692e+01
-2.305035662046524081e+01, -4.360191733691154070e+01
-2.277912095306861673e+01, -4.316509564263928667e+01
-2.293637071938201544e+01, -4.345775653238072067e+01
-2.295189900423799756e+01, -4.351652685352836869e+01
-2.297822919838059974e+01, -4.339730161840157052e+01
-2.286073263163601155e+01, -4.338216824028010166e+01
-2.290699968816667109e+01, -4.345397031694970735e+01
-2.294080527347730225e+01, -4.364225202541964421e+01
-2.287321125662679933e+01, -4.331793174014504899e+01
-2.292377508997219948e+01, -4.321771823302530180e+01
-2.284206082129494320e+01, -4.350463298914729648e+01
-2.288220997488062736e+01, -4.333044138606243223e+01
-2.281253662672711258e+01, -4.319662256235445597e+01
-2.296442014490551387e+01, -4.345229086010100872e+01
-2.281917695945191227e+01, -4.324287885102194906e+01
-2.296509546603649810e+01, -4.366128707270620879e+01
-2.291428563528335616e+01, -4.376143318440379915e+01
-2.294149503906222876e+01, -4.319047739428197019e+01
-2.289779700061911072e+01, -4.338920974435072964e+01
-2.290945888939695507e+01, -4.316819710980000480e+01
-2.297536329724978899e+01, -4.332653712204147212e+01
-2.291547123582464351e+01, -4.371844696629922566e+01
-2.291530776104937317e+01, -4.330972365289228065e+01
-2.289334133249928627e+01, -4.325694693686731540e+01
-2.292585734896704253e+01, -4.338374106129158747e+01
-2.291398651772798090e+01, -4.330047135292579696e+01
-2.297616561042314487e+01, -4.323126672493550160e+01
-2.291875038430001510e+01, -4.323296652997851197e+01
-2.282553501552609987e+01, -4.323688446739115676e+01
-2.292166130782211653e+01, -4.330372932613620662e+01
-2.290719507664033827e+01, -4.350621818012471209e+01
-2.290443806559117235e+01, -4.318344597931848483e+01
-2.289227978373852679e+01, -4.329994987038831766e+01
-2.289624371516408630e+01, -4.368417438213230497e+01
-2.282869482980241216e+01, -4.335988426461657497e+01
-2.282076667642471435e+01, -4.330437914690615742e+01
-2.285327540284913184e+01, -4.343115650841556175e+01
-2.285497533369280276e+01, -4.354489319397374203e+01
-2.290507666097062867e+01, -4.364444701887815370e+01
-2.297008338887578915e+01, -4.328952458898208988e+01
-2.290737337428003073e+01, -4.355846368591114270e+01
-2.292365428847521613e+01, -4.346974074232645791e+01
-2.299559918710025741e+01, -4.362208661769783191e+01
-2.295286112390114042e+01, -4.316923121393351437e+01
-2.278547912515036344e+01, -4.315910053418555492e+01
-2.294684783832756736e+01, -4.353176981921494360e+01
-2.293542589914935803e+01, -4.324873416789491642e+01
-2.284405624316395844e+01, -4.336640054486830564e+01
-2.304790235764707163e+01, -4.363566553220285726e+01
-2.282524976785821380e+01, -4.318463245851195609e+01
-2.300866706715180143e+01, -4.335807857254604869e+01
-2.296661421675385739e+01, -4.336628435084863753e+01
-2.297208680924939728e+01, -4.345555053511172616e+01
-2.293089578851164489e+01, -4.336849552270292918e+01
-2.299788505645998526e+01, -4.353608913970193584e+01
-2.295170809679034463e+01, -4.346427576584359542e+01
-2.296853798501797073e+01, -4.353229918410291788e+01
-2.280351944923131313e+01, -4.318411497106514219e+01
-2.291794855154301302e+01, -4.332822817310863428e+01
-2.281386581906214062e+01, -4.320587386303333943e+01
-2.281440591522309802e+01, -4.331037251076269712e+01
-2.300603320246932526e+01, -4.333957170503272494e+01
-2.302834866348606013e+01, -4.349687612238045631e+01
-2.285832205693228403e+01, -4.341591367884716846e+01
-2.295522443550239799e+01, -4.338752435382978945e+01
-2.296082174607110105e+01, -4.322475169824077312e+01
-2.291780783677604205e+01, -4.363246855410869784e+01
-2.284141711908815608e+01, -4.334789856953300102e+01
-2.291662843901030300e+01, -4.331897592644736505e+01
-2.279583126236939705e+01, -4.318085877256134353e+01
-2.297799985178048487e+01, -4.334504322674327881e+01
-2.294383051241384308e+01, -4.340876322993814540e+01
-2.284033138072255298e+01, -4.339089482720028457e+01
-2.287956809582848550e+01, -4.331193793098499611e+01
-2.280247772955445740e+01, -4.322711419070555650e+01
-2.293168424042208997e+01, -4.357749600866467432e+01
-2.289595166211158883e+01, -4.357969475428810568e+01
-2.296266161853284515e+01, -4.333852597753019609e+01
-2.295447378428664464e+01, -4.323074753441659368e+01
-2.296104228416117365e+01, -4.358128768317794055e+01
-2.280804449225034247e+01, -4.331636572721573941e+01
-2.297378848981938759e+01, -4.326502278742964336e+01
-2.304920138429320176e+01, -4.364491783022530313e+01
-2.286412013083389994e+01, -4.360964286332149698e+01
-2.291446027745507052e+01, -4.340497908626895907e+01
-2.304253889033313030e+01, -4.354640112329192192e+01
-2.281465040372208719e+01, -4.336261883066774914e+01
-2.300405546044606098e+01, -4.347784262617532391e+01
-2.281902677009965785e+01, -4.349485480879178567e+01
-2.299069979179825651e+01, -4.333305427212615513e+01
-2.297881440625449656e+01, -4.355406338399240695e+01
-2.298287979332402742e+01, -4.363406688017364843e+01
-2.288697488769997079e+01, -4.356718392687048436e+01
-2.290974769404544276e+01, -4.322045664598034165e+01
-2.292907527174758897e+01, -4.325472942028473256e+01
-2.297581711005815563e+01, -4.343105283832291263e+01
-2.288936542859072887e+01, -4.322919017501406103e+01
-2.298383638849105637e+01, -4.323452434530474164e+01
-2.285196007339029833e+01, -4.342190575082577908e+01
-2.286445549290701251e+01, -4.335767294866352728e+01
-2.293277647583292733e+01, -4.323022837925907425e+01
-2.294645864006708535e+01, -4.342726754002409706e+01
-2.303096321739428731e+01, -4.351538188287334208e+01
-2.294916989403205676e+01, -4.319373443560652248e+01
-2.302217247493187102e+01, -4.355512370879409900e+01
-2.288220665550958444e+01, -4.368690127741314200e+01
-2.295412752219785801e+01, -4.343052688798214689e+01
-2.297077517465501728e+01, -4.344629818138912469e+01
-2.303731569043583960e+01, -4.350938953256301289e+01
-2.298013627685526927e+01, -4.325902726001064735e+01
-2.283587123323716739e+01, -4.325864416189273953e+01
-2.287608723176186842e+01, -4.338868527329228897e+01
-2.296740204048483136e+01, -4.357529701068131800e+01
-2.297853557511258416e+01, -4.319750959739712926e+01
-2.282497044351793036e+01, -4.338437811959931878e+01
-2.305915647652344092e+01, -4.356217607518677681e+01
-2.291504267703556863e+01, -4.356172404930016029e+01
-2.294908450170212433e+01, -4.344577171994551179e+01
-2.293243245188221380e+01, -4.343000097342693522e+01
-2.283831497118109866e+01, -4.352912353468364870e+01
-2.303879323098568221e+01, -4.357089825748689549e+01
-2.288322102418371529e+01, -4.359167445841861621e+01
-2.290143693178430340e+01, -4.372117309289069453e+01
-2.294093818623723990e+01, -4.369449372128889308e+01
-2.302233180335537099e+01, -4.360737639916661834e+01
-2.301106328920690203e+01, -4.332432335698707249e+01
-2.300516536703561243e+01, -4.343483847559583921e+01
-2.288102978145901290e+01, -4.372988665972502531e+01
-2.285041685376882725e+01, -4.336040772255083908e+01
-2.304530259616590016e+01, -4.361716080640109539e+01
-2.286883070406160101e+01, -4.348991981390840067e+01
-2.296249547219108678e+01, -4.364278511390507731e+01
-2.282892283995138527e+01, -4.341212973631966321e+01
-2.291239911946678376e+01, -4.323896185069880715e+01
-2.298912813919478282e+01, -4.327153873327927158e+01
-2.287424383976424025e+01, -4.357916385018406658e+01
-2.286129693335134405e+01, -4.323466602496382194e+01
-2.288566290111597112e+01, -4.325368956273705834e+01
-2.286246689573684066e+01, -4.349591086798812967e+01
-2.288597496401551368e+01, -4.366241355619821718e+01
-2.285759095957014253e+01, -4.356339330002769827e+01
-2.285347956680585568e+01, -4.348340095512521231e+01
-2.297272447610145463e+01, -4.330803090816761625e+01
-2.291078794017429843e+01, -4.317744994506814749e+01
-2.292384410473991707e+01, -4.352198927085925817e+01
-2.296310817253114323e+01, -4.344303859974495907e+01
-2.290310924687892680e+01, -4.317419326187921769e+01
-2.294995727970263033e+01, -4.335051424071053106e+01
-2.302180233186865621e+01, -4.345061109647524944e+01
-2.288999377764254817e+01, -4.374239771229144225e+01
-2.290283742028939784e+01, -4.337396499074775846e+01
-2.295337761383148845e+01, -4.357802690458532879e+01
-2.296625453320371335e+01, -4.361829298964995161e+01
-2.295314866025631417e+01, -4.322149429195273029e+01
-2.290366610761177313e+01, -4.327870896597125494e+01
-2.281652251518584151e+01, -4.322437640093767897e+01
-2.297131276094251362e+01, -4.360305144865195359e+01
-2.282686162342331571e+01, -4.324613577840595013e+01
-2.292747084543161051e+01, -4.319321653862946420e+01
-2.285085444632093044e+01, -4.346489999776271418e+01
-2.299901062563404253e+01, -4.349308767096143669e+01
-2.294600096705902814e+01, -4.332275635450425710e+01
-2.290403013955348754e+01, -4.373967216312495765e+01
-2.300842555817185797e+01, -4.330581607775413744e+01
-2.283718069197832534e+01, -4.357211265873547745e+01
-2.297665177766920053e+01, -4.369230153189055699e+01
-2.296348621209699914e+01, -4.354754221039588913e+01
-2.288529302869838489e+01, -4.345344364922679148e+01
-2.300195789323439755e+01, -4.361609625514386579e+01
-2.294010253839998725e+01, -4.343326027492995678e+01
-2.299596794357468710e+01, -4.337006713040741346e+01
-2.296262762674185964e+01, -4.369502857149019803e+01
-2.285122381172270067e+01, -4.356938311943959974e+01
-2.294272794175221364e+01, -4.345176420141164186e+01
-2.299150639684094344e+01, -4.323778203699696121e+01
-2.286394850998112815e+01, -4.325316968706881227e+01
-2.297601830990377181e+01, -4.348330739024259373e+01
-2.291169537966991498e+01, -4.374293413385743889e+01
-2.300274574613026957e+01, -4.346858993426771889e+01
-2.283569460361805881e+01, -4.351062356597945779e+01
-2.288869734021497138e+01, -4.373314842603976160e+01
-2.291314458374007046e+01, -4.339572729175439036e+01
-2.286166188933680132e+01, -4.364338086264302774e+01
-2.284249133712441804e+01, -4.330490072054880102e+01
-2.287665829857171573e+01, -4.324118022293339436e+01
-2.299003803700751547e+01, -4.348057507190751636e+01
-2.289542978662631256e+01, -4.317093665037344152e+01
-2.282977220690316145e+01, -4.331688769599368527e+01
-2.283083806719350051e+01, -4.327388957098150968e+01
-2.293012479107658663e+01, -4.321172250155037631e+01
-2.307158593530918367e+01, -4.319358481726442989e+01
-2.298386599124672358e+01, -4.353882012992867345e+01
-2.285628342923615719e+01, -4.355414326657137991e+01
-2.288748695509811881e+01, -4.336744796249679013e+01
-2.295937562853530167e+01, -4.346753548739047091e+01
-2.281889352934566162e+01, -4.319062758284953674e+01
-2.304628069560900983e+01, -4.352190316007004611e+01
-2.290195202132744257e+01, -4.346921352789446047e+01
-2.284730020554441765e+01, -4.354163329356826040e+01
-2.300798119581901346e+01, -4.350560048886907083e+01
-2.291650551201134434e+01, -4.362321809182383703e+01
-2.283719638131839957e+01, -4.326789552303822717e+01
-2.294442348469167214e+01, -4.326124470608866801e+01
-2.287163069916787350e+01, -4.356066345823074215e+01
-2.290492642074888963e+01, -4.359220579222575509e+01
-2.294336059497572933e+01, -4.330425096076236002e+01
-2.300012461410377185e+01, -4.345008444683231374e+01
-2.292298221627971344e+01, -4.331298172208922637e+01
-2.296820899075464695e+01, -4.317574506503145670e+01
-2.299465175635659620e+01, -4.336081395897728896e+01
-2.297748973223869839e+01, -4.324052025959613132e+01
-2.286862904452502931e+01, -4.343767438941976877e+01
-2.303748965077705790e+01, -4.356164562566362264e+01
-2.283001421572652845e+01, -4.336913501881747379e+01
-2.295756038650583974e+01, -4.371026781759259450e+01
-2.291073190326116915e+01, -4.342947509465371070e+01
-2.296584345266624183e+01, -4.320950223528662804e+01
-2.286336702825420986e+01, -4.340067041586605967e+01
-2.294863907497552447e+01, -4.334126163987259872e+01
-2.283700506973708499e+01, -4.351987356900858828e+01
-2.305049984145898989e+01, -4.365417008435245805e+01
-2.297844140509642585e+01, -4.344955783302152952e+01
-2.296119462365390262e+01, -4.363353406860521488e+01
-2.291335887198150445e+01, -4.344797820654640930e+01
-2.292677583913454242e+01, -4.364498015134065412e+01
-2.303243872246978441e+01, -4.357688967385838197e+01
-2.293747486944269554e+01, -4.341475621703704491e+01
-2.298938133620105617e+01, -4.332380098726408590e+01
-2.280513237808358440e+01, -4.324561620666199957e+01
-2.294989850977464130e+01, -4.370700589884773990e+01
-2.297994470448945137e+01, -4.351106392618901708e+01
-2.290532589308392630e+01, -4.374892162526980144e+01
-2.298806231367700192e+01, -4.331454767525041660e+01
-2.288698740692843714e+01, -4.326294167317291084e+01
-2.286994313633622866e+01, -4.344692530132503094e+01
-2.304758644020105507e+01, -4.353115616888155870e+01
-2.294071795926709711e+01, -4.328574546250676036e+01
-2.294971194358378597e+01, -4.329825628903122237e+01
-2.292054139602054619e+01, -4.370320892167931248e+01
-2.303618550166006074e+01, -4.355239295428558677e+01
-2.301282875030392816e+01, -4.343809819680682693e+01
-2.297863647374404295e+01, -4.350181178380902480e+01
-2.294161381239153030e+01, -4.349476346426209972e+01
-2.292627605375152555e+01, -4.348824376709285389e+01
-2.297511068085213282e+01, -4.327427613130293338e+01
-2.293559665687470073e+01, -4.360524883911825356e+01
-2.288902588049310438e+01, -4.342894925165894904e+01
-2.298085735558207077e+01, -4.341580705955117025e+01
-2.290623078514825650e+01, -4.360145629071498519e+01
-2.301302673240426699e+01, -4.349035549301316905e+01
-2.292776672246331415e+01, -4.354974281490618893e+01
-2.289863463190079784e+01, -4.329395561920319579e+01
-2.283637592012568618e+01, -4.336314236950148882e+01
-2.284669311059787233e+01, -4.338490240276713195e+01
-2.296347076028544265e+01, -4.324325835561467102e+01
-2.298793863164970119e+01, -4.361882529129286468e+01
-2.282391955063377509e+01, -4.317538090104724091e+01
-2.295182297049120024e+01, -4.321224102767469333e+01
-2.293505852989068572e+01, -4.344850471288215488e+01
-2.299674790934385626e+01, -4.357908880472099611e+01
-2.284973730072655940e+01, -4.350789252180857147e+01
-2.298368318767546015e+01, -4.348656741408463233e+01
-2.295103264345464567e+01, -4.330750912143217590e+01
-2.291204567054901631e+01, -4.343872666716743680e+01
-2.293111856349722544e+01, -4.342074905443494970e+01
-2.292793025599140222e+01, -4.360198797388163428e+01
-2.294514485945961013e+01, -4.341801540101051415e+01
-2.289669991353341416e+01, -4.343220832010750598e+01
-2.290326363399025666e+01, -4.347846474424090246e+01
-2.292807668961976120e+01, -4.365423061636368374e+01
-2.289636412632418683e+01, -4.373641026051272007e+01
-2.290472199010415721e+01, -4.323570455416655989e+01
-2.284932772085197072e+01, -4.340340413937208552e+01
-2.290214255065272297e+01, -4.352146029144238071e+01
-2.298923982037204183e+01, -4.362807682608274007e+01
-2.288063281685433736e+01, -4.326893626306011953e+01
-2.293436640720334552e+01, -4.329174023081764489e+01
-2.300831593850029932e+01, -4.361010573854591854e+01
-2.293780018252386910e+01, -4.321497969358882330e+01
-2.287981056938612667e+01, -4.336418955406116282e+01
-2.283133303776411438e+01, -4.337838574351813037e+01
-2.291259513769510292e+01, -4.359546645041643131e+01
-2.293586988181129982e+01, -4.370973245800136198e+01
-2.295694848522176912e+01, -4.350128344013632642e+01
-2.284449022962925469e+01, -4.347089126193942832e+01
-2.298431158307560196e+01, -4.369556345803554365e+01
-2.289704409306682820e+01, -4.323244732893207498e+01
-2.291765401306697214e+01, -4.358022569448600336e+01
-2.285677680261139599e+01, -4.335441475173910675e+01
-2.292481463945135900e+01, -4.317471049435685870e+01
-2.291580786509150158e+01, -4.316220081332931358e+01
-2.291950129784408219e+01, -4.338973425110089011e+01
-2.289538547262960222e+01, -4.342295693497144526e+01
-2.298011957061394028e+01, -4.356331520634993382e+01
-2.290678720692833892e+01, -4.340172018312644298e+01
-2.285388446362646775e+01, -4.328366165096310425e+01
-2.304284505227480295e+01, -4.365090818644365811e+01
-2.298741782225487285e+01, -4.346207009490479578e+01
-2.283791868730147101e+01, -4.342463890764184242e+01
-2.289839610475365816e+01, -4.354595269246975420e+01
-2.294860117868258342e+01, -4.369775548299047330e+01
-2.295499134633692861e+01, -4.333526745891150256e+01
-2.286181612145833242e+01, -4.333917028803011107e+01
-2.295049671506008693e+01, -4.320298774206506920e+01
-2.289012205518443110e+01, -4.338595107613683410e+01
-2.291112142490839787e+01, -4.353397128615018374e+01
-2.295894495270662716e+01, -4.336302554667319953e+01
-2.287400579826682900e+01, -4.322267608120227322e+01
-2.295378709646684001e+01, -4.373475686180245248e+01
-2.284752678520829861e+01, -4.328965562856679128e+01
-2.288771110298325695e+01, -4.341969796029871276e+01
-2.294755463961131881e+01, -4.338426540632387685e+01
-2.288376337904221458e+01, -4.339194389530281626e+01
-2.286262300366294298e+01, -4.324391786750476996e+01
-2.291577540541057445e+01, -4.341423084940719690e+01
-2.288592427162342702e+01, -4.330594397435753251e+01
-2.285545706411294375e+01, -4.334516353077781758e+01
-2.293950397008962838e+01, -4.363300129325142507e+01
-2.299018237725818281e+01, -4.322852828516108303e+01
-2.295127491818591281e+01, -4.335976681300764568e+01
-2.288191564152238655e+01, -4.358242423204851690e+01
-2.286151015866783354e+01, -4.359114316072915329e+01
-2.300710584176968609e+01, -4.329656239857329325e+01
-2.290998538877246204e+01, -4.357696514883738104e+01
-2.284164873929451645e+01, -4.340014558580585202e+01
-2.301917982185445766e+01, -4.343210484637543090e+01
-2.282628847293574381e+01, -4.339362868944299834e+01
-2.303488078369894154e+01, -4.354314024383518245e+01
-2.299299578675945455e+01, -4.360358324026284293e+01
-2.284093307978287157e+01, -4.354762335204365797e+01
-2.287849183632122418e+01, -4.335493804784319849e+01
-2.298410184521913990e+01, -4.328678758112589264e+01
-2.300254036940127023e+01, -4.341633253444256013e+01
-2.298548001203628388e+01, -4.365256955327289745e+01
-2.282341164859067462e+01, -4.332288096245308395e+01
-2.293374577403541181e+01, -4.343925285973676864e+01
-2.300162675662872758e+01, -4.351159261942046186e+01
-2.293339150727211262e+01, -4.374347059186199971e+01
-2.290637796647740032e+01, -4.365369717084316648e+01
-2.300143546399436190e+01, -4.345933720765923169e+01
-2.282801692377181624e+01, -4.350736408021314361e+01
-2.295153237391735601e+01, -4.315997773025637940e+01
-2.292430255920645976e+01, -4.332223409146036630e+01
-2.282844977303361489e+01, -4.330763667903040215e+01
-2.286731438774480196e+01, -4.342842344443906910e+01
-2.288244634081375395e+01, -4.338269247827322772e+01
-2.290391889208345688e+01, -4.333096389213039146e+01
-2.288583009171091476e+01, -4.361017478737841202e+01
-2.295150006872119874e+01, -4.341202239007775177e+01
-2.291617465065926851e+01, -4.351872922705005919e+01
-2.279611837539220431e+01, -4.323310849634596309e+01
-2.296479205566695470e+01, -4.355679384994464698e+01
-2.283307197761703122e+01, -4.349212344978673173e+01
-2.300961724110353046e+01, -4.361935762912253978e+01
-2.283962430788476894e+01, -4.353837346252264950e+01
-2.282258877051875956e+01, -4.316612932418099291e+01
-2.278281369089350150e+01, -4.314059834849412312e+01
-2.282033847528842330e+01, -4.350410466401866927e+01
-2.297907385516962719e+01, -4.330203601358373078e+01
-2.294326228527046752e+01, -4.360850977333235790e+01
-2.285173579868086691e+01, -4.336965879069824581e+01
-2.288337200964926055e+01, -4.364391392264678871e+01
-2.294666179761637181e+01, -4.347951983629752704e+01
-2.299679680861092734e+01, -4.327479681285108626e+01
-2.298118711436169548e+01, -4.321601701441188226e+01
-2.279716168076972949e+01, -4.319010989749003926e+01
-2.298674272429361309e+01, -4.330529433656779048e+01
-2.290767870535345452e+01, -4.366294727847552792e+01
-2.296026168862445971e+01, -4.337227818484939945e+01
-2.288305296662478128e+01, -4.353943249516379410e+01
-2.289578001569495669e+01, -4.352745117815381093e+01
-2.297484092236074460e+01, -4.322201316794944859e+01
-2.288327967345841429e+01, -4.328744016920318671e+01
-2.290074300468684143e+01, -4.320794700677278399e+01
-2.296984462403107230e+01, -4.354155099256589523e+01
-2.289571799595457335e+01, -4.322319493245024802e+01
-2.287295351813283517e+01, -4.326567883756558786e+01
-2.297115069558557465e+01, -4.355080276252959948e+01
-2.292301146743271190e+01, -4.366946996614168341e+01
-2.298171313838555463e+01, -4.332054247249585899e+01
-2.303470067809062627e+01, -4.349088351428120802e+01
-2.286685375429170008e+01, -4.332392540171190376e+01
-2.299377154999908512e+01, -4.345607734617541240e+01
-2.294179498842851572e+01, -4.354701233505809199e+01
-2.305179772908139668e+01, -4.366342229410209796e+01
-2.304270055752153112e+01, -4.359865591080507841e+01
-2.288035923348454048e+01, -4.321668089093797249e+01
-2.298760856598573099e+01, -4.351432422739541295e+01
-2.279849153675806761e+01, -4.319936100225105946e+01
-2.296704238866277237e+01, -4.347079527878916139e+01
-2.288266562688255235e+01, -4.343494141836401923e+01
-2.280432600413547561e+01, -4.334085987527102191e+01
-2.293525501366055863e+01, -4.350075513239907110e+01
-2.293304447167128757e+01, -4.328248756519135299e+01
-2.281785001883571340e+01, -4.323362763719845958e+01
-2.297535411016665918e+01, -4.368305062128551697e+01
-2.293598084316432661e+01, -4.376197026781753863e+01
-2.298589591029584156e+01, -4.340056084721414464e+01
-2.297351566812018930e+01, -4.321275958912062976e+01
-2.292026308285378278e+01, -4.359872717764136496e+01
-2.297246573243664258e+01, -4.325576941947088017e+01
-2.292286988588230301e+01, -4.361722849491005860e+01
-2.299415273617481503e+01, -4.325628947218725529e+01
-2.292194941732807223e+01, -4.376469539866807423e+01
-2.293079990125351486e+01, -4.372497071986224881e+01
-2.298255946330566957e+01, -4.352956809973110097e+01
-2.305654851328597488e+01, -4.354367006631884607e+01
-2.287740404087191592e+01, -4.339793656528238586e+01
-2.294282219337794260e+01, -4.319973060271494347e+01
-2.293065590251474006e+01, -4.331623986210274779e+01
-2.290650806384795501e+01, -4.370593544886131809e+01
-2.300031897508758760e+01, -4.350234016342075449e+01
-2.294887034907863921e+01, -4.339351776518494574e+01
-2.282580321461368200e+01, -4.328913456669988591e+01
-2.287030373646152981e+01, -4.324717502803705571e+01
-2.286377770631034423e+01, -4.350516135020547637e+01
-2.295973780313115853e+01, -4.357203625393339763e+01
-2.299657863951473047e+01, -4.352683688780127369e+01
-2.294414878226761445e+01, -4.320898379046935389e+01
-2.298488063442224316e+01, -4.319151306080879493e+01
-2.293327442020969897e+01, -4.369123202800152228e+01
-2.303357549695794404e+01, -4.353388749479474740e+01
-2.306681191804708320e+01, -4.356543725406549328e+01
-2.295106976289763523e+01, -4.366401483184478849e+01
-2.286508795172684216e+01, -4.351441179583195407e+01
-2.296134295280443283e+01, -4.332927312994680591e+01
-2.289740844020394306e+01, -4.364118595713714654e+01
-2.288480462865449994e+01, -4.370540027841054354e+01
-2.285104765645663250e+01, -4.351714274615210343e+01
-2.289675893780894711e+01, -4.318018926944086644e+01
-2.288060969301501402e+01, -4.357317396506081053e+01
-2.298516017596402961e+01, -4.324377797724874739e+01
-2.301076532042636913e+01, -4.357635875003393267e+01
-2.292081722095647223e+01, -4.339898617090647548e+01
-2.288713377644842595e+01, -4.361942488900423598e+01
-2.298348324417218791e+01, -4.343431237291149927e+01
-2.291504828494893076e+01, -4.325746696452881679e+01
-2.302998950934361488e+01, -4.361063779928714013e+01
-2.292923360092849450e+01, -4.361123874396654543e+01
-2.301564264326868425e+01, -4.350886088393987450e+01
-2.292801418996425511e+01, -4.329773485206941075e+01
-2.297218984777032702e+01, -4.320350598893175942e+01
-2.297140421571446112e+01, -4.329877776149753998e+01
-2.291840396377684641e+01, -4.343273427962564170e+01
-2.282208944424772668e+01, -4.331363006798323312e+01
-2.286542426855417176e+01, -4.361889265180946040e+01
-2.291159387979711326e+01, -4.333422210692178567e+01
-2.302704053381481231e+01, -4.348762318762575063e+01
-2.284954103895925570e+01, -4.345564946710243959e+01
-2.301020442831455526e+01, -4.341959206808025584e+01
-2.289952374255628698e+01, -4.350295836761308976e+01
-2.288286783485771281e+01, -4.348718811957379415e+01
-2.287179211703448445e+01, -4.361290346964018738e+01
-2.295675270897859832e+01, -4.344903125503931562e+01
-2.290920975151197325e+01, -4.377666971403452578e+01
-2.288467376992698732e+01, -4.365316376157342404e+01
-2.298278055566354539e+01, -4.327753416533183639e+01
-2.283769497107095958e+01, -4.337239321856594643e+01
-2.289731215430688849e+01, -4.328470348579527638e+01
-2.286313608941767583e+01, -4.334842163255878233e+01
-2.298630067416749867e+01, -4.350507199273142334e+01
-2.289969459329424240e+01, -4.325095205426914191e+01
-2.295018549213745374e+01, -4.340277009326369040e+01
-2.292831826632595948e+01, -4.375870800515428272e+01
-2.280883642070538286e+01, -4.322111973945554553e+01
-2.281679499275765721e+01, -4.327662622885378596e+01
-2.293067668931128722e+01, -4.367273141283725835e+01
-2.288452584093465703e+01, -4.360092464368921128e+01
-2.297651910623068616e+01, -4.364005677984560094e+01
-2.298499221470903109e+01, -4.349581972146705056e+01
-2.297521837174142689e+01, -4.363080551128999929e+01
-2.295353122207212593e+01, -4.363027281618190756e+01
-2.289034009265684588e+01, -4.343820051039632091e+01
-2.283984498666221086e+01, -4.328639817217236185e+01
-2.298195043249202740e+01, -4.337280217065399057e+01
-2.292443238403108907e+01, -4.373095868102900141e+01
-2.285256054627671318e+01, -4.327441012097079920e+01
-2.290305907280051301e+01, -4.342621597976272341e+01
-2.290001116561895600e+01, -4.365968603754290456e+01
-2.290962393609804693e+01, -4.347247303956846309e+01
-2.295949639007121590e+01, -4.321549833633561377e+01
-2.299544399281981555e+01, -4.356983683976350363e+01
-2.285235744723786766e+01, -4.352639293328211778e+01
-2.289377023502877506e+01, -4.371791136662623245e+01
-2.289234285373231614e+01, -4.365642486523589838e+01
-2.286395744925965801e+01, -4.355740332776907309e+01
-2.299246036196215215e+01, -4.344682467865364828e+01
-2.297643230546671234e+01, -4.328352945060806434e+01
-2.290131167856940309e+01, -4.366893601102127320e+01
-2.295626339731337140e+01, -4.370101731308728432e+01
-2.296552296615148947e+01, -4.340928843596710607e+01
-2.283194764094912799e+01, -4.353511370085583110e+01
-2.291274410961768382e+01, -4.364770814934219345e+01
-2.291708996753998662e+01, -4.342348258068687272e+01
-2.294730327993078589e+01, -4.368850502050010221e+01
-2.296003149269666821e+01, -4.367652715235256977e+01
-2.284116844378771205e+01, -4.329564945919640451e+01
-2.283812535338598337e+01, -4.347688237525600385e+01
-2.296379575300638720e+01, -4.365203611543273610e+01
-2.296870618160409805e+01, -4.358454853090494652e+01
-2.298983628339409435e+01, -4.342831924339668603e+01
-2.282605436656424658e+01, -4.334138266964242803e+01
-2.292431095767934579e+01, -4.367872020746367667e+01
-2.294385695533518543e+01, -4.315672101093552016e+01
-2.285872302897812602e+01, -4.352040244052063400e+01
-2.281705042850905585e+01, -4.332887408123625761e+01
-2.294962424930608691e+01, -4.360251969319275389e+01
-2.290063984288440935e+01, -4.345996227682571345e+01
-2.296611751032851245e+01, -4.326176492118929673e+01
-2.287193647096808391e+01, -4.366514094689285486e+01
-2.293674976259587339e+01, -4.325798702760415182e+01
-2.293689966172464167e+01, -4.361449969961874729e+01
-2.306550856166344587e+01, -4.355618417782179819e+01
-2.294571217084785530e+01, -4.357476619514600458e+01
-2.291769518994284027e+01, -4.327597198361039688e+01
-2.293988407331101342e+01, -4.338100652919167288e+01
-2.296364954382592671e+01, -4.359979041947941170e+01
-2.295483241143148589e+01, -4.363952377158256724e+01
-2.296953650901846800e+01, -4.318499872640450121e+01
-2.291534547270244460e+01, -4.366620858801478988e+01
-2.304775298706695708e+01, -4.358341209384667536e+01
-2.288433783079660344e+01, -4.324443742881320674e+01
-2.298217058348663855e+01, -4.342505973244620776e+01
-2.299067363025330124e+01, -4.368957436419476892e+01
-2.286296410413419977e+01, -4.365263038855085398e+01
-2.302983145005971366e+01, -4.355838463258181292e+01
-2.295301904421472727e+01, -4.347352773732816189e+01
-2.280987655385874291e+01, -4.317811989995465183e+01
-2.295582095602162909e+01, -4.354428172761019056e+01
-2.293574182050857502e+01, -4.365749195288314155e+01
-2.290547117688268841e+01, -4.339246848289620573e+01
-2.295920702443672567e+01, -4.316323452136045802e+01
-2.296420849682471399e+01, -4.340003591939063909e+01
-2.284074956328469952e+01, -4.349538282043504012e+01
-2.292033983390144414e+01, -4.329447690408375848e+01
-2.292826019412494176e+01, -4.334999103525818498e+01
-2.299527165463089773e+01, -4.351758459816478108e+01
-2.294120011927295621e+01, -4.339025879354633020e+01
-2.285568924716181272e+01, -4.339741181603398701e+01
-2.297261519903375770e+01, -4.361230284521106171e+01
-2.304660276158355359e+01, -4.362641319076736579e+01
-2.285281589428564075e+01, -4.332666100457712588e+01
-2.296876199565323162e+01, -4.328027139110383814e+01
-2.286933328749528727e+01, -4.364664176025804210e+01
-2.298142416721738712e+01, -4.357256698907290371e+01
-2.295785461460055643e+01, -4.340602922949591402e+01
-2.288397961044488582e+01, -4.344419255050375028e+01
-2.290831209507431510e+01, -4.346322169546449032e+01
-2.290100992969362892e+01, -4.356445405190610387e+01
-2.296397971781203040e+01, -4.334777879719662508e+01
-2.294423195900484203e+01, -4.351326671578346605e+01
-2.294456494990022932e+01, -4.361776072419023365e+01
-2.294554018211007573e+01, -4.352251828625156804e+01
-2.284991101986826934e+01, -4.325590698777178034e+01
-2.291926809857983116e+01, -4.333748039239368666e+01
-2.296505440184862579e+01, -4.330477263090502760e+01
-2.296053544154499804e+01, -4.317248810362907818e+01
-2.295474112978548575e+01, -4.328300849016338958e+01
-2.291729508048620190e+01, -4.347573262105220948e+01
-2.300571162780932966e+01, -4.359160183164669178e+01
-2.302199598512117262e+01, -4.350286857897513215e+01
-2.285064417936901648e+01, -4.341265496098390742e+01
-2.296639461121827352e+01, -4.367053798524346320e+01
-2.296109091601295660e+01, -4.327701340263194396e+01
-2.300363368863986935e+01, -4.337332619212492801e+01
-2.302738610634949978e+01, -4.359213326573851788e+01
-2.303226964150154643e+01, -4.352463470764668330e+01
-2.293020445384797057e+01, -4.351599803516257481e+01
-2.302049136089366854e+01, -4.344135798806699711e+01
-2.282951314932585873e+01, -4.326463833068340392e+01
-2.290655763110954268e+01, -4.334946786541785002e+01
-2.282365185024960041e+01, -4.337512751946155731e+01
-2.284428176359574181e+01, -4.341864700918307562e+01
-2.290231599295721665e+01, -4.357370467233933198e+01
-2.284777727122102675e+01, -4.334190549959600958e+01
-2.293704176295849706e+01, -4.366674246299102435e+01
-2.291818480893567056e+01, -4.338048230071306222e+01
-2.288135107807763191e+01, -4.342569025328983656e+01
-2.294706884588344309e+01, -4.327975054726264403e+01
-2.290981320830359991e+01, -4.352472028826283434e+01
-2.300455947496358178e+01, -4.363459972796035657e+01
-2.286049558909661528e+01, -4.332991891555979436e+01
-2.300667318535561634e+01, -4.349634790395840866e+01
-2.301320755621440384e+01, -4.354261045738417835e+01
-2.289296682068087208e+01, -4.345670292807352553e+01
-2.282737488005911430e+01, -4.335063348139748740e+01
-2.287213341524386934e+01, -4.336093121611048673e+01
-2.280750802185216841e+01, -4.321186857882930354e+01
-2.284354892890203104e+01, -4.356612301420413047e+01
-2.298039378012228795e+01, -4.331128925628900106e+01
-2.293352911915764381e+01, -4.338699989224226528e+01
-2.289610622786635830e+01, -4.363193585117340945e+01
-2.286024147876875645e+01, -4.327766752651109528e+01
-2.284296553360787030e+01, -4.340939631329417381e+01
-2.279744575075778457e+01, -4.324235939584050215e+01
-2.295320688857736968e+01, -4.352577851605852999e+01
-2.287717253844536103e+01, -4.334568651286031837e+01
-2.300049618627632952e+01, -4.355459352836678733e+01
-2.283613210317237119e+01, -4.331089428198367131e+01
-2.290151969387568442e+01, -4.336471319979416705e+01
-2.298517195145677050e+01, -4.354807212176751818e+01
-2.294600481358202515e+01, -4.367925451185861618e+01
-2.300735041851084262e+01, -4.334882515301834616e+01
-2.296637443118568811e+01, -4.331402565532464166e+01
-2.286659783036191484e+01, -4.327167325533664410e+01
-2.286020432435058680e+01, -4.358189324758849637e+01
-2.301694974635918456e+01, -4.351811352444260450e+01
-2.296849406287164541e+01, -4.322800917590792835e+01
-2.289104143378875733e+01, -4.364717493668246107e+01
-2.285123606500112814e+01, -4.326515856641291435e+01
-2.285413676131514293e+01, -4.333591228156306840e+01
-2.304497438209437021e+01, -4.351265011377391545e+01
-2.294360411342582751e+01, -4.335650814987074853e+01
-2.293883903442987204e+01, -4.317197091731070202e+01
-2.282760593843590158e+01, -4.340287922851048563e+01
-2.300554669312830214e+01, -4.353934976383860800e+01
-2.297097150083565609e+01, -4.349855164452651479e+01
-2.289466550453776605e+01, -4.326619914414492030e+01
-2.299935403785801569e+01, -4.359759261277823583e+01
-2.288856661080447452e+01, -4.332444767466413538e+01
-2.291676800651831414e+01, -4.372769675011107182e+01
-2.294065525449042653e+01, -4.359000774614589346e+01
-2.291895883127311251e+01, -4.358947645655850778e+01
-2.288195652742714614e+01, -4.327818822851408953e+01
-2.289350010424938020e+01, -4.361343551013386843e+01
-2.289407046627619735e+01, -4.341370551752413576e+01
-2.296186329299140283e+01, -4.318174166663865066e+01
-2.289559128652613040e+01, -4.347520520947288958e+01
-2.297691426921637259e+01, -4.338804885111188270e+01
-2.301609167957192881e+01, -4.330907458822567691e+01
-2.286709260620611417e+01, -4.337617549367227099e+01
-2.297391706932127065e+01, -4.362155419958445890e+01
-2.295762765030808694e+01, -4.335377287930316470e+01
-2.297339787669944400e+01, -4.346480285481639783e+01
-2.289480344919355659e+01, -4.362268570201170093e+01
-2.304024688481601402e+01, -4.363240381389176292e+01
-2.292122619391972904e+01, -4.350348671998496997e+01
-2.285759261940331655e+01, -4.325916419990267769e+01
-2.291093521117210230e+01, -4.348172434877945847e+01
-2.295598555355662640e+01, -4.359652945932494106e+01
-2.295249146872921742e+01, -4.372550658873559826e+01
-2.289203245524211283e+01, -4.355194316695235557e+01
-2.281414438749925466e+01, -4.325812415929029697e+01
-2.288566814647452574e+01, -4.355793348881665850e+01
-2.289986577390788369e+01, -4.360744597732912808e+01
-2.286288808174664311e+01, -4.329617075417560557e+01
-2.307446658413713081e+01, -4.356869850220186891e+01
-2.297086346138008395e+01, -4.319425236786550215e+01
-2.283265129584778919e+01, -4.338763643823631355e+01
-2.296815020429637144e+01, -4.342779337381971771e+01
-2.293457243470401252e+01, -4.370048226638792954e+01
-2.298458131812884275e+01, -4.339130798553718904e+01
-2.287439914752214420e+01, -4.363140318444199295e+01
-2.288507985219115781e+01, -4.340119528163842944e+01
-2.289801378892132888e+01, -4.344145967245002993e+01
-2.282473328938551305e+01, -4.333213182983357825e+01
-2.289598911182978469e+01, -4.327545132728168653e+01
-2.293183858997268842e+01, -4.362974015728074306e+01
-2.298677926908602487e+01, -4.366182082363603456e+01
-2.285891733110024049e+01, -4.326841587533369449e+01
-2.293647382563565529e+01, -4.320572662473826853e+01
-2.284991650807997488e+01, -4.356013321677441041e+01
-2.288660588157685893e+01, -4.346269471405103246e+01
-2.290520981763292951e+01, -4.369668565877594091e+01
-2.281120687163607386e+01, -4.318737124116743331e+01
-2.292272397862085853e+01, -4.326072452641322030e+01
-2.281308281358267109e+01, -4.330112168562965280e+01
-2.296132984365402763e+01, -4.368577788492698488e+01
-2.284559742919137193e+01, -4.342789767299048975e+01
-2.290345110572785714e+01, -4.353071119743145800e+01
-2.286751910066212545e+01, -4.348066916725478848e+01
-2.295873257393267153e+01, -4.366727637424897779e+01
-2.293221273683574069e+01, -4.337774772245195720e+01
-2.292007548091891422e+01, -4.324221921851006556e+01
-2.287554956157910269e+01, -4.358841398573154180e+01
-2.299704876318181235e+01, -4.332705957279565467e+01
-2.294403979366134294e+01, -4.346101611416742116e+01
-2.285889792462985426e+01, -4.357264329386072887e+01
-2.286553242779041284e+01, -4.331467387903761335e+01
-2.285520781698195592e+01, -4.329291315590747047e+01
-2.287125666311201400e+01, -4.345617617967277369e+01
-2.300207815061255801e+01, -4.331181119515446909e+01
-2.289201659578279902e+01, -4.324769470593133747e+01
-2.288350592525059923e+01, -4.369615080118181538e+01
-2.285149446309225851e+01, -4.331740970030227800e+01
-2.297000975511131315e+01, -4.359380001038921648e+01
-2.289252588279404677e+01, -4.335220302009339122e+01
-2.294141552330977518e+01, -4.344251225483837686e+01
-2.293298894615935524e+01, -4.358674699315917422e+01
-2.291144257794031347e+01, -4.363845786373242674e+01
-2.292937697303310074e+01, -4.366348103702318895e+01
-2.288810815504390206e+01, -4.352419122833617138e+01
-2.297720895624034299e+01, -4.318825585780075471e+01
-2.296217980117237190e+01, -4.353829053203649124e+01
-2.286792164428728924e+01, -4.328092500307575818e+01
-2.292510098326848578e+01, -4.322697106346943485e+01
-2.289506746402316040e+01, -4.372716083764753137e+01
-2.286949471391374189e+01, -4.334242836513544006e+01
-2.292322334604052614e+01, -4.336523688116741226e+01
-2.284616251801926978e+01, -4.358462251730975368e+01
-2.295859122366769967e+01, -4.361503184861714288e+01
-2.291816676443283995e+01, -4.378918138444510788e+01
-2.295235277724888334e+01, -4.331676192753420906e+01
-2.294309995545698300e+01, -4.325199174943099933e+01
-2.298326615883869906e+01, -4.338205509318964204e+01
-2.301171792476037226e+01, -4.348110274355394722e+01
-2.290377478889660523e+01, -4.363519682306230862e+01
-2.294251559899609560e+01, -4.339951102728927879e+01
-2.299728356353066872e+01, -4.337932027227323317e+01
-2.299309100221149649e+01, -4.329929926947189500e+01
-2.295077324291264276e+01, -4.325524940217125192e+01
-2.290867966469024708e+01, -4.356771443730166027e+01
-2.291609849587007020e+01, -4.321446108616795811e+01
-2.299836688273525809e+01, -4.333631295323609578e+01
-2.300998314832527214e+01, -4.336733196313326033e+01
-2.287256962478625866e+01, -4.346542702398078717e+01
-2.295728867234589643e+01, -4.360578067489302612e+01
-2.300385315204868419e+01, -4.342558552124887683e+01
-2.290709400923591588e+01, -4.320195135423354316e+01
-2.291344434764370064e+01, -4.319595555657775066e+01
-2.304414328197161055e+01, -4.366016030665094405e+01
-2.286672784061380170e+01, -4.362814239778276715e+01
-2.294228613899261404e+01, -4.334725567270449176e+01
-2.289120669045867729e+01, -4.334295126626416561e+01
-2.300310504356406938e+01, -4.357309776030107429e+01
-2.283063796643895316e+01, -4.352586386481295477e+01
-2.291389916240698454e+01, -4.360471703949570355e+01
-2.287713604565647074e+01, -4.370213877722361673e+01
-2.295916885421591047e+01, -4.341528162041716854e+01
-2.285383672343420969e+01, -4.358788280448478503e+01
-2.299943861360447173e+01, -4.329330405512722990e+01
-2.281175914870158294e+01, -4.329187083454198870e+01
-2.299917563523857211e+01, -4.324103979999346592e+01
-2.291846586627622884e+01, -4.318070669992157917e+01
-2.299950002514666991e+01, -4.364984136240617119e+01
-2.290013947767044300e+01, -4.371192348576470010e+01
-2.301040854906224453e+01, -4.347184995874071944e+01
-2.295059055290704464e+01, -4.350727515380494737e+01
-2.290116934530141535e+01, -4.361669630180588086e+01
-2.287453739052389778e+01, -4.368363995383273135e+01
-2.293394531868091235e+01, -4.349150358082992085e+01
-2.283587327640285736e+01, -4.356286297817314335e+01
-2.287685471765247058e+01, -4.359766408035029883e+01
-2.297767253922282293e+01, -4.359706101798170863e+01
-2.288353006727226102e+01, -4.333969307260955617e+01
-2.293820209948418665e+01, -4.362375051782380098e+01
-2.290101899627178383e+01, -4.326020438215945063e+01
-2.304384326809882921e+01, -4.355565392527790181e+01
-2.292957827425237483e+01, -4.335924329347754735e+01
-2.293846307361431158e+01, -4.372823269898187704e+01
-2.286264969209484121e+01, -4.354815316372022238e+01
-2.288880478769916138e+01, -4.337669953426682667e+01
-2.293912597401897102e+01, -4.322423274096598789e+01
-2.297881328773889820e+01, -4.324977377144871582e+01
-2.290234283440042873e+01, -4.326945668622097685e+01
-2.282447909019989751e+01, -4.327988347229710797e+01
-2.285437199544454501e+01, -4.338816083792199407e+01
-2.296899119778472809e+01, -4.368903967418134471e+01
-2.303764644035746656e+01, -4.361389926837163244e+01
-2.293804595544321501e+01, -4.357150555487889676e+01
-2.289895575059646760e+01, -4.375490895984808759e+01
-2.291372398473461658e+01, -4.324821441921609733e+01
-2.284884990848550146e+01, -4.329890701181481916e+01
-2.283505630519055529e+01, -4.335389149124842589e+01
-2.283325675082324580e+01, -4.354436349875138745e+01
-2.289219619309778508e+01, -4.360418527602181626e+01
-2.301261360800270239e+01, -4.338583865555602159e+01
-2.288616855744842837e+01, -4.335819636130904797e+01
-2.291520262053373003e+01, -4.361396758679217101e+01
-2.283745420295242567e+01, -4.332014539477534498e+01
-2.286924489394472815e+01, -4.329017672590848775e+01
-2.299881319652418910e+01, -4.344083165226935961e+01
-2.301337122376001432e+01, -4.359486300315243312e+01
-2.292404737956675476e+01, -4.326997714481974100e+01
-2.304645031652979625e+01, -4.357415941103762691e+01
-2.284599120678155870e+01, -4.353238327399117225e+01
-2.300685220237118500e+01, -4.354860206917653898e+01
-2.285653060627488387e+01, -4.330216463532160276e+01
-2.295613303323691312e+01, -4.364877468338196564e+01
-2.301712135916958246e+01, -4.357036753058115153e+01
-2.296592300487484195e+01, -4.351379545360800449e+01
-2.305785277954654333e+01, -4.355292309030415510e+01
-2.300647701429622671e+01, -4.344409139700093192e+01
-2.293132422921765468e+01, -4.347300037051189747e+01
-2.296966236399370231e+01, -4.348929955822978854e+01
-2.298780605138417243e+01, -4.326228517171870180e+01
-2.290174440301798242e+01, -4.341696446842694712e+01
-2.296769318848865638e+01, -4.367978885256250265e+01
-2.299690003484114342e+01, -4.363133824260861360e+01
-2.282712677558104275e+01, -4.329838563577171584e+01
-2.290523854424162664e+01, -4.334021589277408282e+01
-2.296461466387458472e+01, -4.350454353254057338e+01
-2.290604718904079817e+01, -4.324495702550432696e+01
-2.288003596409648566e+01, -4.341643905576335527e+01
-2.291001939628067774e+01, -4.327271429938235769e+01
-2.292271120830366016e+01, -4.356498448193703865e+01
-2.289185163802185485e+01, -4.349969862471679249e+01
-2.295738355759795724e+01, -4.330151442452000055e+01
-2.296002372069414577e+01, -4.332002025492896280e+01
-2.282670555574582849e+01, -4.349811413262005999e+01
-2.284711489468194046e+01, -4.348939196340897695e+01
-2.286281542751703100e+01, -4.360039303280077405e+01
-2.292234255647005980e+01, -4.346048917757389773e+01
-2.295209643779995545e+01, -4.326450245571952280e+01
-2.283848754265782688e+01, -4.358136229922298099e+01
-2.279479043743902622e+01, -4.322385757444277488e+01
-2.299639222325011545e+01, -4.347458257859341302e+01
-2.300889141564164220e+01, -4.341033895525432484e+01
-2.304139868442181438e+01, -4.358940340053994333e+01
-2.288155634097508440e+01, -4.347793725203617754e+01
-2.301842482317492866e+01, -4.357961980894319964e+01
-2.289941554690865999e+01, -4.319869444812305659e+01
-2.302591627605264435e+01, -4.353062677649401024e+01
-2.297775336359520182e+01, -4.329278274486254929e+01
-2.288088931771012469e+01, -4.332118967202681148e+01
-2.287236005620455970e+01, -4.341318022138420929e+01
-2.291355606320844274e+01, -4.350022686059378429e+01
-2.289516257214432926e+01, -4.337070644139858899e+01
-2.290042916768249981e+01, -4.340771292509153767e+01
-2.292820602560687604e+01, -4.370647065567246869e+01
-2.298620691966937457e+01, -4.320076689848280438e+01
-2.291014047959095734e+01, -4.362920753458286782e+01
-2.290787615261978516e+01, -4.335871980957920613e+01
-2.283943774062646881e+01, -4.348613261564393184e+01
-2.290850442552585520e+01, -4.351546925276029754e+01
-2.299044966031484449e+01, -4.328079227041344268e+01
-2.294944948218668657e+01, -4.324599632504881441e+01
-2.289690267096693077e+01, -4.348445629786295541e+01
-2.303862234360635597e+01, -4.351864248669822643e+01
-2.291910959476405907e+01, -4.364171897316488469e+01
-2.288024428168933966e+01, -4.346868634932396702e+01
-2.283175981786637365e+01, -4.348287333758712236e+01
-2.295579834251332940e+01, -4.324000075458362602e+01
-2.291134233527557384e+01, -4.328196667568839473e+01
-2.299039011369762875e+01, -4.358507969589113173e+01
-2.287781581914855522e+01, -4.350243005117372519e+01
-2.299201768040134297e+01, -4.334230752935410180e+01
-2.286003248188898596e+01, -4.352965271961402749e+01
-2.294016731938978637e+01, -4.318122416565301336e+01
-2.293963994588582622e+01, -4.368524334767580797e+01
-2.286817451635539911e+01, -4.333317689723860155e+01
-2.289089171580280180e+01, -4.359493500015748424e+01
-2.288090681949445937e+01, -4.367765170758629978e+01
-2.283241538362078771e+01, -4.333538964910518132e+01
-2.301655503984671114e+01, -4.341359846507248932e+01
-2.287560104259592819e+01, -4.328418255064605802e+01
-2.292690823682932688e+01, -4.369722055271093808e+01
-2.285479127979720104e+01, -4.349265138086332172e+01
-2.285997029911518652e+01, -4.322541415992839831e+01
-2.292476159485078568e+01, -4.342674174200629977e+01
-2.301451272562511363e+01, -4.355186285431937421e+01
-2.295844576128141412e+01, -4.325850712609694426e+01
-2.297636930592761217e+01, -4.358780944774741783e+01
-2.300446470753410111e+01, -4.327805496349591152e+01
-2.293209598799748861e+01, -4.373422068012676078e+01
-2.297620237452524705e+01, -4.353555962230258558e+01
-2.286918282348541354e+01, -4.359440358602397225e+01
-2.288417876327145351e+01, -4.349643895145468520e+01
-2.281519444857152834e+01, -4.321512514272187389e+01
-2.295684398063008302e+01, -4.319699154850213318e+01
-2.288174452813020210e+01, -4.353018194052875600e+01
-2.286421053691937644e+01, -4.330542232969809646e+01
-2.298027730221685516e+01, -4.361556403379097446e+01
-2.292058708005329848e+01, -4.334673258382009209e+01
-2.283216242158044551e+01, -4.328314078674286947e+01
-2.294547480566222930e+01, -4.321823695706251556e+01
-2.295712233486775844e+01, -4.324925395197124800e+01
-2.298272819600052941e+01, -4.358181873167914944e+01
-2.297712954116821393e+01, -4.344030535228415602e+01
-2.299169323428677103e+01, -4.359433148870298425e+01
-2.295076740500514134e+01, -4.355952418825511074e+01
-2.296683686866415641e+01, -4.341854092093759476e+01
-2.297450411183221064e+01, -4.342180029162022947e+01
-2.297145769905915458e+01, -4.365529761617132465e+01
-2.293461422841238573e+01, -4.334399717530381224e+01
-2.299282984983596023e+01, -4.324703576616658296e+01
-2.289766022186938699e+01, -4.374565963474015717e+01
